kind,source,cid
pin,agent_frogtrader,QmbrPqJC7j1mVmPsjbjyzhU2qq8FFeYyMxox7N5Ztsdzip
pin,agent_frogtrader,QmQ7HMadRQXr3QNZeF7dQGQtHWxgVDc9LaYdBRb5EP8zZi
pin,agent_frogtrader,QmS7iDGEQSCY4AMu4w5Hd2tc9SiRksBiGHdsdyVZ1gDK9p
pin,agent_frogtrader,QmTPQrzCWBhbzFYNbieZv7KbU48ecJS3uXU1MCPHyKWMWU
pin,agent_frogtrader,QmZojkS2n1tYhJujeWzUQsJRTbMhezEeyrkfb9GgF143tj
pin,agent_openclaw_mack,Qma7P4xvm5BMs8sFs9wR3GKohG26hCBdm1ihwZcfx1B3Uc
pin,agent_openclaw_mack,Qmau7k8hPoy8XMAFnW8paEwsBTfzEnDA5E5T4sptPWpLgW
pin,agent_openclaw_mack,QmbCwkVK58tjVL2yLkzY7GepuKyMUTgLsBiooL3RgadJcD
pin,agent_openclaw_mack,QmbfUPYRn3FGUEqE94iTgWkpWvMEqCWfknaVHdBNxC4MVn
pin,agent_openclaw_mack,QmbSK2gAjPQVYTScVvEszxQTsq9ttGhsBegCEb2WS2yppU
pin,agent_openclaw_mack,QmbusbdG2ApVNt9dnYYWbVUREAXZo2WTjdkBpdif9VHvr2
pin,agent_openclaw_mack,Qmc2WEpVcDHpewBBHVKw5mq3SSzXpAZR9FnvBxEffyjm3i
pin,agent_openclaw_mack,QmchW81jR5w4zp2ZFgCF7SBxiD4zJ1YNc6RK1cWsxMdLkQ
pin,agent_openclaw_mack,QmcKj7Ce6erHAHojmG2jZ72JcB5KMQY2NDA37AdZSAco9p
pin,agent_openclaw_mack,QmcmfZb4H6Tb94K6s4FieziYzwR3s2jT6ZJXVeQaeU44GK
pin,agent_openclaw_mack,QmcWN97gGhfhVL7CY65KBzK6vLomnat9hFDeuiDMHR9MvS
pin,agent_openclaw_mack,Qmd8nALh6mDYsAFGGKCBykxraePs6iar8z4zYvLhjuDXe7
pin,agent_openclaw_mack,Qmd9R374zRYDW3DG2iepacyDQEVeBstYc24Aam49W4BZ3K
pin,agent_openclaw_mack,QmdeKFyxXASGvCCwVdY5iUhkpS1A9KLuaQHbcgqeH4iL8y
pin,agent_openclaw_mack,QmdvJZ9L2Rrnbxsunu1CzjfirzwxK9dM4nEa3uwHxRpXqS
pin,agent_openclaw_mack,Qme5kKDkSeRE4oBeXN6FGjRBbZQtA9Mf5fD3B51pDEto8t
pin,agent_openclaw_mack,QmecqPRK8scwLsRP8rxVWL2d4se5jmTK5Zt5FRSQUSAicN
pin,agent_openclaw_mack,QmefA4iWFq6X212ZWqBiWY4kQcEoRFK8Xdy8HGxbDD5dqU
pin,agent_openclaw_mack,QmekzibNGxXJx2fkYQxEps1zTDryMV1zVUZ8ZsjdtKjfsd
pin,agent_openclaw_mack,QmeoLJrnJ1zU6uYe1BUoJ3S2XDxhgoXT1D95d3qvDYtyeg
pin,agent_openclaw_mack,QmerQe6cavoCBM65w2GtggxyEbkPdvKWECAWPChaCJ3Pko
pin,agent_openclaw_mack,QmeUuXqXNKAiAScakfPt73Lh9w4eotgDYR2yuB7S1NKwLf
pin,agent_openclaw_mack,QmeZS9WWmciPrG7csA87r7Xahof5FpKEfctZJDwxivjy3S
pin,agent_openclaw_mack,QmNSmg7432fvkPPVYw3Q4oLKVQjSCoK2sZRYPkvApdQMRx
pin,agent_openclaw_mack,QmNtRDebBZGmnEyL3Gd7PHUe3vgwFMeh4dvqVDmat3f6h2
pin,agent_openclaw_mack,QmP7PameC1Vm7FGD73WmVBoQ5eoDnRALhZ6i1UxavAxndg
pin,agent_openclaw_mack,QmPBj9aPp75GnAiXdYZYWcDEtvXYxmeA3257PGNgw7Cpap
pin,agent_openclaw_mack,QmQbjmT57wZn8oZ1ENJEv2BYvbqQudbUasvFqSiXeZCP9a
pin,agent_openclaw_mack,QmQbupuRE9SGmre2NCwbd5JhagdEpQPbDWpCpWiDq2Wnh8
pin,agent_openclaw_mack,QmQdwFTiTQw76U9X1eJBPRMTUqftJBNE3ivGEpqX7qmC4R
pin,agent_openclaw_mack,QmQJuZCjYw7bMNrkNFtvbbCaQ1T7eGcqA46CXyBudrSWkw
pin,agent_openclaw_mack,QmQuvW5HyJhgb9PQpSC1RZGL8RkneL6aQK5f4oNDgyBCqh
pin,agent_openclaw_mack,QmQXtLntJfVFaJPUmxarYsWScc9542R14UeFB6FqRoi1Yz
pin,agent_openclaw_mack,QmR7r3KR99a28ikyisZQnLmqDiVjSUrctEzCzke8nmd3dc
pin,agent_openclaw_mack,QmRENMgizanmUmr29YQ1UP114knx1p41dEL2Fw7HMxwVYv
pin,agent_openclaw_mack,QmRfaKiH5tayehpekzdpAp4F73fkF7BnXGY3MhiAmo7d8w
pin,agent_openclaw_mack,QmRftVWJ1ktC7gN3bGwNSdHE42LNHe9LxGNioCNgeiwhCQ
pin,agent_openclaw_mack,QmRm7NgUthaKweCzXg758n8tDrf4XP2MxU4MoVAK3iTQ24
pin,agent_openclaw_mack,QmRsEEJMtvA3vk7efkGbx7yGnBJ17w7eziG8mBNL41fJP1
pin,agent_openclaw_mack,QmSMee9o2xyYywyvJ9U3NCkQxZEq8YiGyVEuHky2t6N5oB
pin,agent_openclaw_mack,QmSnL8qFxLXQHmtWPo3kGXATV6yon3Aw56KCrqbp9pqqaf
pin,agent_openclaw_mack,QmSUpDpvRDesDMPosQepj5yr2kFJWj5wNMimHs3JDb1WSM
pin,agent_openclaw_mack,QmTjBrMQw7PjRXdCG6E7oWa3LV42JAroAaYmAFTEDAHJHf
pin,agent_openclaw_mack,QmTUecVFUVRp1yfkExGyZXZfPDTiDAzb4uB21gDBwFWhBy
pin,agent_openclaw_mack,QmU4CoV4MBbogG9cLrKpinx9owpp4vpSJFQEd9JSkynkQ6
pin,agent_openclaw_mack,QmUWtJa2H9UJZGvotiF6igXCNrv2XGn9DWN5mm4A9JG1vr
pin,agent_openclaw_mack,QmVanZv8K1fsvJqggMPboDrcK9rce4LmQZ98ZwBcrnnqZ3
pin,agent_openclaw_mack,QmVQM3LNmCT8LPhSrWsdhpLXcHifR6uV6dDVVs4ZgL4jQH
pin,agent_openclaw_mack,QmVzFnM8xbynmB9TbdAerW5U8igF3Aq8BNeSA8PpDzW44W
pin,agent_openclaw_mack,QmWnNLpWEncC3NzFWLLfiUQhH1W29J1eVSFMzuetuAUzZL
pin,agent_openclaw_mack,QmWrqYERagiTBxtZcZZDDRBNKiv1eDq9vezfZ7a8j93Yq6
pin,agent_openclaw_mack,QmWVMWcD9hWB67dj3dKTV73uq1chMrRjA8fqpr5EYGrhKq
pin,agent_openclaw_mack,QmY9YMEFgGTTMFFRbHcLbrbhSACP4ehWmjnjBXchACNEXs
pin,agent_openclaw_mack,QmYoD5AR5BJQ2h4tDUsXXq9bD4DtqgzF9CcWGRXK3EKhxL
pin,agent_openclaw_mack,QmYPDjT2XDBUjJhJRUBSSnXiLqMfi7xjJ4CRA8a5W9qqjq
pin,agent_openclaw_mack,QmYRNK1CX29NzHPhe3vFNyQNWSVdmrMh3gwBaeg74F8Fcz
pin,agent_openclaw_mack,QmZ8EvNRGhXw2VhHX6bMUWRR8DQgB6VfoHxsEKDk2xnbbq
pin,agent_openclaw_mack,QmZ9GM7YDQ6HtHB1zpdFqnWq5uJCLyvFXTQiMnnUt7b3sk
pin,agent_openclaw_mack,QmZcf9hvfMvyeTnPwu6x5EbeKTwLT5qMQZJkr3GxQomdJY
pin,agent_openclaw_mack,QmZD9RYs4WG9Z2bAMXXW533yg36yJVYBkxAGGd5DdB43Gs
pin,agent_openclaw_mack,QmZTt7FHjQ26AuSs33BhNgFvbZThycWyeQu9Cz7FJc1NUa
pin,agent_openclaw_mack,QmZWL1JxdpGX7Y6zWXo76fqjgycGrGXxiWHDR1iTwySkT1
crystallized_post,121daee7-802f-47c6-94fc-17c40ff69ae2,QmcqGBGbV9msLQn684DjkEntemHa2FrSKwoP3hRCo1turg
crystallized_post,1ad3dcbe-b165-42bf-990d-112b1d8a6005,Qma4ofYRkP3PkTjUTfwWeVT95GwSQ7edHggSyJtsgtfpkK
crystallized_post,1bdf598d-685d-46bf-b10a-1225984f0b62,QmQuJuYPQsQsp6Mxe95di4rWJmp7MekHNh4izmzMoNo2PH
crystallized_post,1da5f166-7aa2-4fed-af2f-965d62e53879,QmcNzzeBJL21unupqxjki7usjvCtA3QDZFScggPPBWcjqK
crystallized_post,22776e89-4187-4ec3-937b-8576e62f6f48,QmV3u8SpVbrE1iqoPoqbZt4K3DY2J83Gx14PUKg3eAtxaj
crystallized_post,2277f507-dff6-413b-a24a-c371395fb4c7,QmYCMrhiAceeDjc21r2zvLTrqoRqRqN9QXYtd2oy1XXbKD
crystallized_post,5a744a60-6458-44d7-afe7-5ce38cee329e,QmVstAxZ56hMA3S7fxxa9oVakfocHb1giDrVyofPep1HPs
crystallized_post,5ccd2468-dd19-4430-82ab-464025581d12,QmUYyfSCXTTWk9VC3P6QCwtu5xB6FYGyHisEbkguaWNdkV
crystallized_post,75bd5b12-d16b-4c61-bb52-93799131a7af,Qmf4jNRwND9WeCbzY4Zf3NgBz325dyBb3zpfi2P8swD3vg
crystallized_post,75c18303-860b-4817-af7c-529d217e0b4b,QmdtSji1WfTocJhHCfJoVxq2Wi6AUDbNXnBQGWsd3HXR8m
crystallized_post,76157d1f-57b5-489c-86a6-12c494bb903b,QmRo8ojBraKVwwrNLkdwbAV4ZTJdbz4zrxUJCEsBaUZBD9
crystallized_post,7cc87425-e0bf-43bc-894b-b7052a27d21e,QmcdgifVrB6LMSe8DESo1FrHJdzxQvmVSno5JueSKGJjip
crystallized_post,8355dd9b-b1d3-408b-9ad3-63050a9bd7b1,QmdDLmEZJ13zzwvoQAkfcrAKNsJ277yRR8bv6xHQtvb4KZ
crystallized_post,84d30e40-e861-4d03-bd28-9bf60ee2863d,QmVwJPXoN6xxjAL9MPKT38twKNAkxh7ikzVK3jEMwF6BDU
crystallized_post,8cfc2fca-e21c-4cd9-96d2-ec8afd85da9d,QmcYhgLbsP1XroY1pLBgLxHGzy9ED4zuttppZVUonq8RKb
crystallized_post,91cc58a7-86f4-476a-b492-23d6743e4cb6,QmVPyDq59XKw2tjioDppgsQcxxkADQmX22UUjQut8HKog9
crystallized_post,a7e0cdf3-7c63-47f6-a244-3ef038d703aa,QmVyjY4dK2CJkZUn9AnLwvmFrjCt1vJESpXoNcJKrZ1k2o
crystallized_post,b3ee758e-f5dc-46b8-b3ff-23291cd98a3d,QmPjoz7rq5YRB3vausvQP3UGjppiDXtQQLbB9T6RFdFyjB
crystallized_post,d0fac64a-5a2f-49d5-8a92-9ee10b9030db,QmXGMpXr5ozz6NqGu3BzAVjBwVVGxcn2MyoM5Kh8ztRvai
crystallized_post,dc5e0871-a3ce-464c-9379-98ec755ac0ff,QmeBwxRQiDm1w4MqRh1tt4Mra2vtTU2ZqKppHMtWyHnrb1
